id,purchase_order_id,product_variant_id,quantity_ordered,quantity_received,unit_cost
"1","2","9","1","1","63.220549881702844"
"2","1","5","14","11","252.40542809566188"
"3","1","6","72","16","230.16138228022652"
"4","1","7","11","11","353.6584483617733"
"5","1","6","95","70","291.07836380022616"